nom,prenom,login,password,type,niveau_droits
Martin,Sophie,smartin,55804bff99fc2a7b4492bef6e39ac872e5774e6b0ef67b527d4e680dd69668d9,user,0
Martin,Sophie,smartin1,77f233c4e90a1594fbf22777fd01b7ecaf77a7bb5fe30f74d010e05af45e69d9,user,0
Martin,Sophie,smartin2,6bea8fe4c44485ba79843012b33beb27662edaa26387970ddcf35abaed7c256b,user,0
Martin,Sophie,smartin3,884a10f20aa9b6e21d0e46d431720cfbd07b7eedcce6d631c4f49610f2225640,user,0
Martin,Sophie,smartin4,f01302457aa6b5662d3559a1bf7d4dbc41a0fe696b9cc92531988a8024cf1171,user,0
Martin,Sophie,smartin5,0f13352d994d175bfc4dd446b66a6eed1d861278717ff760fc9b63ab317d9000,user,0
Martin,Sophie,smartin6,c65010b44ef3e10d18c3bdf96045ade166695c312a8b901b8436b022b7ce38ba,user,0
Martin,Sophie,smartin7,9320ace57b77dda3efa108fd75bbb9b7495cd28f81626a8726e2143d4baf74be,user,0
Martin,Sophie,smartin8,5211168935d06ed494a96e69926e076a388e1ac664b36ecd4f7bf5dc72e35f95,user,0
Martin,Sophie,smartin9,15b1a8ac80d9356a5df2fa6619c61609e2a5c402e4cdd816d2a9b7110dad0e25,user,0
Martin,Sophie,smartin10,77aad53b9496303b5368ddfb36e6166ddd51d15107fb2be21c8fdf268a628c42,user,0
Martin,Sophie,smartin11,fcf646bc67cca1f3d425c9c48978b5b2ecf19eea6b813943cd449bb6163079cb,user,0
Martin,Sophie,smartin12,152f8558313fcc9ff094e65bd61e2a3021b7970ad34405ae576e03a69573c545,user,0
Martin,Sophie,smartin13,e7c13cb6d6703c165244de96b60d8abbc793c828061523f158fad49b4a844a96,user,0
Martin,Sophie,smartin14,bbcb469b6c017760e88a1e4fc4835b5018249d576dd54c8b5d1d92cd96ab4756,user,0
Martin,Sophie,smartin15,bcb8ab0aeaa89eb1d6f94ac741a3c48fad909a9183f1d2dff21c208ec7a61a34,user,0
Martin,Sophie,smartin16,beaf471cf62d98eb792a5e2f418603a0e8ac6e1918f4c8664df9f8ac2b8760c9,user,0
Martin,Sophie,smartin17,a85a6b75f2a5e78d7e83ab31033b59f3488fbb455059bb0e50b629adb560dba9,user,0
Martin,Sophie,smartin18,042e8870deb49987e991700d1094dd809b87196070842e7e32eac73bb5b5c38e,user,0
Martin,Sophie,smartin19,b752dc2340ddd040a4e01158aeeff77a45d66f099d04c57a780ae7dd457baa1a,user,0
Martin,Sophie,smartin20,623b0052ebc2abf8483a11bb4e7423ae708a22eac4f2f24f31abbc81d6e0b8bb,user,0
Martin,Sophie,smartin21,d18f942be888c89785e5106de2ccd4070be1b190cec949dbfe55927cfd61d951,user,0
Martin,Sophie,smartin22,f5c4547355806e7d5bf8a7bc572c7d52af62f76b60dc9774067ee73ca8bedc39,user,0
